avg_vote,total_gross,reddit_discussion_count
6.0,278731369,11
7.0,1648854864,21
5.9,82925064,7
6.5,27469621,2
6.3,7576604,10
6.6,4570178,1
5.0,24719879,1
6.6,46370970,16
6.8,65343694,68
6.2,38993548,10
7.0,101162106,58
4.8,14929184,1
6.2,424149,2
6.2,63354114,56
8.8,835524642,462
6.4,94763758,20
5.4,188657593,5
6.6,127983283,41
7.2,38112154,57
7.0,758536735,12
6.5,82497035,7
8.1,98230839,61
6.7,7396,4
6.7,276014965,56
6.6,0,5
7.1,517599142,2
5.4,0,1
5.4,138836756,16
3.9,3503761,1
6.3,217214143,26
5.4,19665004,10
7.9,846980024,98
6.7,289847930,12
6.2,20688141,27
8.0,426351163,340
5.6,60278166,3
5.0,23477345,4
6.2,19720203,76
7.2,108286422,167
6.1,17155193,8
6.4,260002115,14
5.8,295874190,2
6.2,34480045,2
7.6,97531134,111
6.0,120832383,1
5.2,29960051,4
7.2,664837547,11
5.5,175863783,20
7.7,457729388,41
6.0,746059887,35
8.0,801025593,158
6.4,35792945,24
6.3,19563579,22
6.9,115121608,63
5.8,155011165,1
5.7,18376443,5
6.1,8890094,6
7.0,4422318,67
6.8,87727807,162
5.8,207039844,1
7.7,24761360,47
7.7,714401889,13
7.5,114962525,18
6.1,5403771,2
6.2,38959900,5
5.1,171962,6
5.8,18594227,2
4.3,0,1
7.3,1403013963,4
7.4,76235001,316
7.1,221297061,110
6.4,457507776,51
6.6,145951861,20
5.1,0,2
6.8,236863,58
4.2,31187727,1
7.9,499837368,177
7.1,623144660,1
6.6,347136477,13
6.8,465195589,11
3.2,51723644,4
6.6,1427656,262
6.2,3681096,15
6.1,242981799,5
6.8,7034615,31
5.8,39686769,6
7.7,1110526981,50
4.7,11022696,3
5.5,95572749,13
5.9,34836080,7
4.2,7556,8
6.6,286192091,68
7.2,156815529,23
6.3,151716815,13
6.8,654213485,7
3.2,2529395,3
6.4,127234389,34
6.5,63129909,8
4.7,55348693,2
6.2,22750356,33
6.4,286896578,5
5.5,18119231,50
7.3,1348258224,21
6.1,50445860,4
5.4,240647629,2
6.3,103039258,14
5.8,150429371,20
7.6,98963392,7
6.5,74966854,150
7.1,475846,180
6.4,238521247,21
6.4,3180252,34
5.4,30312,1
5.3,1887554,84
7.8,1049102856,8
6.7,383541369,16
4.8,9097072,4
5.3,159487563,11
7.4,10727536,202
4.9,21709539,1
6.9,2420962,8
7.2,245724600,56
4.5,103300632,10
7.5,676404566,80
6.1,5297411,10
6.3,1278471,54
6.6,282778100,57
5.4,83660160,11
7.3,518858449,19
5.7,84154026,20
6.2,348902025,3
7.5,140428499,143
5.8,229155503,5
6.3,18195238,18
6.1,95989590,3
8.2,24215385,88
6.9,487519809,8
5.6,177512032,3
6.0,85369830,2
5.5,8629895,44
7.0,287916633,108
6.3,273477501,41
8.1,370098020,266
7.3,697457969,184
5.1,74575290,3
5.7,73421224,3
6.6,46438538,22
6.7,165103952,61
6.2,14518884,5
6.9,644602516,4
5.6,18273009,2
6.7,69821476,74
6.6,141507355,5
7.2,54837234,12
7.3,547326372,60
3.9,0,1
6.4,1160336173,9
6.4,194169619,8
6.2,219519367,30
6.4,867500281,3
5.4,78652207,3
7.6,210315681,80
6.5,12342632,27
5.0,0,3
6.6,25350747,3
5.4,256862920,24
6.1,1165996,29
7.7,786680557,19
5.9,16434588,8
6.9,18285560,292
6.6,112914167,4
5.9,50365498,3
7.0,531514650,70
7.1,378505812,16
6.5,82148538,11
6.9,757890267,6
5.9,62989834,1
6.2,238202668,19
6.7,853628605,26
5.8,313477717,19
6.4,65409046,2
5.9,64477051,3
5.8,15037867,9
7.4,130673154,148
5.4,11166615,6
6.8,3721988,4
5.3,36197221,2
6.6,113373764,3
7.0,108119662,33
6.3,74326015,4
6.2,3559803,53
5.3,220796009,54
4.8,251499665,6
5.5,244041804,7
5.5,82780,8
6.7,469500298,1
6.6,0,74
6.1,30295028,46
7.1,634454789,34
8.4,2048134200,22
5.8,7298786,4
7.3,69411370,30
6.6,416168316,36
6.0,68220952,69
6.3,0,10
8.2,322034439,55
7.3,119736188,22
3.5,0,2
8.0,1517935897,11
5.0,55975672,1
6.4,290650494,114
6.8,97523020,14
6.6,322459006,73
7.2,321887208,69
5.2,67647574,59
7.4,170466405,182
5.2,229008658,3
7.3,743588329,10
5.2,94812,3
4.4,68264973,8
5.4,41042583,3
6.6,254900667,7
6.7,104100903,56
4.6,10062896,13
5.9,61031932,17
6.3,17023121,9
7.0,257972745,91
6.4,72295262,8
5.3,9307166,2
7.5,579290136,95
5.4,0,1
6.1,33943049,16
6.1,40966716,18
6.9,556016627,85
6.1,834953,41
6.8,17061,12
8.0,259357408,560
6.6,0,48
7.8,652127828,58
5.9,213116401,13
7.0,331333876,14
4.8,11360665,6
6.4,26001741,4
6.4,287625468,1
6.7,6591365,2
7.8,1140069413,11
3.0,0,1
6.9,393151347,1
5.1,922727,4
6.3,527079962,1
5.8,185736412,2
7.4,78610769,476
6.9,23237252,4
6.2,70587268,7
6.9,81150788,21
7.0,621156389,5
7.2,202812429,87
7.1,263880341,25
7.4,821133378,32
6.3,29863840,35
5.2,63356133,2
6.3,220241723,10
6.2,1983596,21
5.9,108957098,10
4.9,95713069,1
6.3,8514325,3
6.0,211562435,21
7.2,1215392272,15
7.4,67255916,22
5.0,38985577,104
6.9,1146894640,32
5.5,17967746,2
6.5,41495213,61
6.9,411002906,96
7.1,6916951,44
6.5,344150134,12
6.4,128955898,35
6.7,137551594,48
7.7,162502774,134
6.2,68310140,18
7.1,4934356,10
6.5,41268579,30
7.4,880166350,7
6.0,575371,5
7.6,37584304,177
4.8,0,3
6.9,0,6
6.8,879620923,38
6.4,70536870,1
5.5,30396134,5
5.3,54104225,6
7.4,28717667,74
5.7,109738840,1
6.2,4495262,60
6.0,62556228,2
5.8,10096821,7
5.1,5103675,2
5.8,304115534,18
6.4,14244931,83
6.1,560155383,12
6.3,167910690,114
7.0,449326618,54
6.4,529076069,123
6.3,655945209,36
6.0,89758389,75
5.8,11253821,1
6.4,7885048,20
7.5,149804632,31
4.1,10637281,1
6.5,98406855,2
7.3,2436111,51
7.3,20005613,6
4.6,636706,2
5.5,261364,7
7.4,4972016,124
7.0,140783360,46
5.7,352831065,58
6.2,48543388,4
6.1,170549753,7
5.2,26517819,15
5.4,223652,1
6.1,456258539,27
7.3,152962083,136
5.6,123660597,2
6.9,222383055,17
8.1,854235992,125
4.9,96407655,2
7.3,5706168,166
4.8,528,1
6.5,328325007,3
6.3,38771262,21
7.1,335802233,5
5.7,82182803,1
5.6,1703281,5
5.9,142531552,8
6.6,561072059,29
4.1,35688,2
5.4,2791973,3
7.6,84393749,526
7.4,59596747,232
7.5,16553285,292
6.1,12758799,15
